,RVE,RMSE,MAE,MedAE,CORR,MAX_ER,Percentiles
mass,0.3333512379514473,16.7885674879178,6.988910313277603,2.7343547993562622,0.5773657750071854,257.21540163374084,"{75: np.float64(9.185313998759973), 90: np.float64(15.617280085586943), 95: np.float64(18.21414883699739), 99: np.float64(69.78471008063474)}"
radius,0.9897611137480969,0.09617751115675367,0.07195174148370423,0.05483596363024501,0.9948673850057176,0.48899646293087007,"{75: np.float64(0.10008776536594953), 90: np.float64(0.15489263402054904), 95: np.float64(0.2013109382576544), 99: np.float64(0.28425901367673334)}"
