,RVE,RMSE,MAE,MedAE,CORR,MAX_ER,Percentiles
mass,0.3090177233167717,16.838021947811505,7.338169940082415,3.8262812442085963,0.5558936261049731,261.36004524779804,"{75: 8.601260025983615, 90: 14.298002851102474, 95: 18.7691274185984, 99: 70.22622147674282}"
radius,0.9873686629111135,0.11206075358433175,0.08048399846133886,0.05785498467521544,0.9936642606590922,0.6579405300155883,"{75: 0.10398510485519291, 90: 0.17682697369295386, 95: 0.2418429216769669, 99: 0.3824573869498151}"
