,RVE,RMSE,MAE,MedAE,CORR,MAX_ER,Percentiles
mass,0.9948384294082872,1.457749346770917,0.13369773242440813,0.00557307728219314,0.9974179246693774,179.26024624502963,"{75: np.float64(0.031644550405561134), 90: np.float64(0.1298449116257625), 95: np.float64(0.2684134074503622), 99: np.float64(2.0655390077769122)}"
radius,0.9998085586323131,0.013784167336710375,0.007185534135043581,0.0035624236311397883,0.9999043112312309,0.5192169046615173,"{75: np.float64(0.008276807958152166), 90: np.float64(0.016424216973006077), 95: np.float64(0.025873599538034586), 99: np.float64(0.05930790416741735)}"
