,RVE,RMSE,MAE,MedAE,CORR,MAX_ER,Percentiles
mass,0.9952927379052787,1.4107485106182531,0.13403468456125694,0.005598416662787931,0.9976464982192101,174.12419949937214,"{75: np.float64(0.032757589454660785), 90: np.float64(0.13341681184834672), 95: np.float64(0.27339230387076746), 99: np.float64(2.118550363684232)}"
radius,0.9997909260393799,0.01374358488112701,0.007202660665975496,0.003570495436059695,0.9998954950650433,0.4543867202727765,"{75: np.float64(0.008297626909918893), 90: np.float64(0.016434104730051982), 95: np.float64(0.026097152798685876), 99: np.float64(0.05948299615291208)}"
