,RVE,RMSE,MAE,MedAE,CORR,MAX_ER,Percentiles
mass,0.9977643973789908,0.9722166581428168,0.10273427352923568,0.008164193680380294,0.9988825169774105,119.46296716432107,"{75: np.float64(0.033782249934699304), 90: np.float64(0.10836343422836198), 95: np.float64(0.2068196458344621), 99: np.float64(1.6252597300650224)}"
radius,0.999904453912182,0.009291129066072832,0.004568449003201065,0.0018879824602930917,0.9999522318952349,0.366220162043867,"{75: np.float64(0.0050056658111296), 90: np.float64(0.011244030213157653), 95: np.float64(0.01783564716649008), 99: np.float64(0.040308256474489386)}"
