,RVE,RMSE,MAE,MedAE,CORR,MAX_ER,Percentiles
mass,0.3096439817338862,16.85887053207826,7.354424088506089,3.8368913764424875,0.5564566307293639,260.772741014164,"{75: np.float64(8.624312687483314), 90: np.float64(14.333709320239125), 95: np.float64(18.82121856906355), 99: np.float64(70.18751258588176)}"
radius,0.9873587519402774,0.11200873616255912,0.0804348003607455,0.05785410657125134,0.9936592735642723,0.6594269805443154,"{75: np.float64(0.10395038838287082), 90: np.float64(0.1767039201069619), 95: np.float64(0.24191887639069568), 99: np.float64(0.3820337395142971)}"
