,RVE,RMSE,MAE,MedAE,CORR,MAX_ER,Percentiles
mass,0.9809716851813982,2.814637840809625,0.8372454263443556,0.2906619291573471,0.9906024970719903,167.45886523862276,"{75: np.float64(0.6833957098018164), 90: np.float64(1.3197317579319328), 95: np.float64(2.7452159468300232), 99: np.float64(11.523935407420872)}"
radius,0.9923055524483022,0.08944955406010424,0.05749702842105844,0.03923370580002894,0.9961657133036682,0.9316254186748765,"{75: np.float64(0.07258122240624303), 90: np.float64(0.12131142193597982), 95: np.float64(0.16660410794514413), 99: np.float64(0.35755227254829935)}"
