,RVE,RMSE,MAE,MedAE,CORR,MAX_ER,Percentiles
mass,0.984867927459382,2.5335132759292107,0.7276983504493552,0.3034009994265745,0.9927285673947535,169.74348568157313,"{75: np.float64(0.5113604728134682), 90: np.float64(1.1025928446049704), 95: np.float64(2.1347654852226015), 99: np.float64(9.897101952249908)}"
radius,0.9975048151907563,0.047524406052913894,0.035061777772895264,0.02729202616174825,0.998764979211493,0.5243412073015707,"{75: np.float64(0.04776896340292247), 90: np.float64(0.07246245668397848), 95: np.float64(0.09275063300268684), 99: np.float64(0.15526037462233608)}"
