,RVE,RMSE,MAE,MedAE,CORR,MAX_ER,Percentiles
mass,0.994764176138865,1.8683192911814344,0.18822948245815546,0.0030472722658210216,0.9973818531095883,180.33810094105186,"{75: np.float64(0.017785294645597027), 90: np.float64(0.0929115295047473), 95: np.float64(0.29608449987087115), 99: np.float64(4.115423109152794)}"
radius,0.9997904656760503,0.01005554035768515,0.005776696692220082,0.0034212683412101486,0.9998952447765771,0.4456966325748054,"{75: np.float64(0.007342565430584758), 90: np.float64(0.01284315425115558), 95: np.float64(0.017963611364926396), 99: np.float64(0.03863208425236061)}"
