,RVE,RMSE,MAE,MedAE,CORR,MAX_ER,Percentiles
mass,0.9830979294359462,3.486513950232703,1.0126503277927976,0.2648616459885875,0.9923125960391566,167.00713317867726,"{75: np.float64(0.5369700414393215), 90: np.float64(1.6804996026302144), 95: np.float64(4.450451820131235), 99: np.float64(15.582882385332587)}"
radius,0.9855522004278192,0.09169766742329775,0.06851539867604256,0.05336257401691347,0.9927558286106024,1.0878146073102901,"{75: np.float64(0.09494685493403772), 90: np.float64(0.14634409607933851), 95: np.float64(0.18184604217623954), 99: np.float64(0.2843750999138616)}"
